Country,City,Event Link
Canada Ontario,Toronto,https://app.unlock-protocol.com/event/2025-global-pizza-party-toronto-1
Italy,Florence,https://app.unlock-protocol.com/event/a-iperitivo-x-global-pizza-party
Lebanon,Beirut,https://app.unlock-protocol.com/event/beirut-global-pizza-party-2025
Germany,Berlin,https://app.unlock-protocol.com/event/berlin-bitcoin-pizza-party-1
Luxembourg,Luxembourg,https://app.unlock-protocol.com/event/bitcoin-pizza-day
Canada Quebec,Montreal,https://app.unlock-protocol.com/event/bitcoin-pizza-day-2025-in-montral
Mexico,Merida,https://app.unlock-protocol.com/event/bitcoin-pizza-day-2025-mrida
Kazakhstan ,Almaty,https://app.unlock-protocol.com/event/bitcoin-pizza-day-almaty
China,Chongqing,https://app.unlock-protocol.com/event/bitcoin-pizza-day-chongqing-2025
USA OH,Columbus,https://app.unlock-protocol.com/event/bitcoin-pizza-day-columbus-squad
Ethiopia,Addis Ababa,https://app.unlock-protocol.com/event/bitcoin-pizza-day-party-addis-ababa
USA MD,Baltimore,https://app.unlock-protocol.com/event/bitcoin-pizza-day-party-with-pizza-dao
Nigeria ,Port Harcourt,https://app.unlock-protocol.com/event/bitcoin-pizza-day-ph-1
Australia,Sydney,https://app.unlock-protocol.com/event/bitcoin-pizza-day-sydney
USA CA,Sacramento,https://app.unlock-protocol.com/event/bitcoin-pizza-party-sacramento
Tanzania,Dar es Salaam,https://app.unlock-protocol.com/event/bitcoinsafari-tz-bitcoin-pizza-day-hangout-11
Mexico,Pachuca ,https://app.unlock-protocol.com/event/blobal-pizza-party-pachuca
Canada Nova Scotia,Halifax,https://app.unlock-protocol.com/event/btc-pizza-day-halifax
Uruguay,Punta del Este,https://app.unlock-protocol.com/event/btc-pizza-day-on-este-lugar
Romania,Cluj,https://app.unlock-protocol.com/event/eth-cluj-x-pizza-dao-global-pizza-party
Botswana,Francistown,https://app.unlock-protocol.com/event/francistown-pizza-party
Nigeria ,Yenagoa,https://app.unlock-protocol.com/event/global-bitcoin-pizza-day-bayelsa
Nigeria ,Benin City,https://app.unlock-protocol.com/event/global-bitcoin-pizza-day-edo
Slovakia,Kosice,https://app.unlock-protocol.com/event/global-pizza-day-koice
Mongolia,Ulaanbaatar,https://app.unlock-protocol.com/event/global-pizza-day-ulaanbaatar-mongolia
USA VA,Richmond Virginia,https://app.unlock-protocol.com/event/global-pizza-party-2025
Cayman Islands,Cayman Islands,https://app.unlock-protocol.com/event/global-pizza-party-2025-cayman-islands-20
Canada Alberta,Edmonton,https://app.unlock-protocol.com/event/global-pizza-party-2025-edmonton
China,Hangzhou,https://app.unlock-protocol.com/event/global-pizza-party-2025-hangzhou-city
Japan,Kumamoto,https://app.unlock-protocol.com/event/global-pizza-party-2025-kumamoto-1
Italy,Milan,https://app.unlock-protocol.com/event/global-pizza-party-2025-milano
Estonia,Tallinn,https://app.unlock-protocol.com/event/global-pizza-party-2025-tallinn
Guatemala ,Quetzaltenango,https://app.unlock-protocol.com/event/global-pizza-party-2025-xela-quetzaltenango 
Nigeria ,Lagos,https://app.unlock-protocol.com/event/global-pizza-party-3
USA FL ,Miami,https://app.unlock-protocol.com/event/global-pizza-party-33
Denmark,Copenhagen,https://app.unlock-protocol.com/event/global-pizza-party-34
Nigeria,Makurdi,https://app.unlock-protocol.com/event/global-pizza-party-35
Czech Republic,Prague,https://app.unlock-protocol.com/event/global-pizza-party-5th-bitcoin-pizza-day-prague
Nigeria ,Abeokuta,https://app.unlock-protocol.com/event/global-pizza-party-abeokuta
Nigeria,Abia,https://app.unlock-protocol.com/event/global-pizza-party-abia-city-74
Ivory Coast,Abidjan,https://app.unlock-protocol.com/event/global-pizza-party-abidjan
USA ME,Bar Harbor,https://app.unlock-protocol.com/event/global-pizza-party-acadia
Ghana,Accra,https://app.unlock-protocol.com/event/global-pizza-party-accra
India,Agartala,https://app.unlock-protocol.com/event/global-pizza-party-agartala
India,Agra,https://app.unlock-protocol.com/event/global-pizza-party-agra
India,Ahmedabad,https://app.unlock-protocol.com/event/global-pizza-party-ahmedabad
India,Ahmednagar,https://app.unlock-protocol.com/event/global-pizza-party-ahmednagar-66
India,Aizawl,https://app.unlock-protocol.com/event/global-pizza-party-aizawl-1
Philippines,Aklan,https://app.unlock-protocol.com/event/global-pizza-party-aklan
Nigeria ,Akure,https://app.unlock-protocol.com/event/global-pizza-party-akure
Nigeria,Akwa Ibom,https://app.unlock-protocol.com/event/global-pizza-party-akwa-ibom
Egypt,Alexandria,https://app.unlock-protocol.com/event/global-pizza-party-alexandria
India,Aligarh,https://app.unlock-protocol.com/event/global-pizza-party-aligarh-2
India,Ambala,https://app.unlock-protocol.com/event/global-pizza-party-ambala
India,Amritsar,https://app.unlock-protocol.com/event/global-pizza-party-amritsar-3
Netherlands,Amsterdam,https://app.unlock-protocol.com/event/global-pizza-party-amsterdam-12
Nigeria ,Anambra,https://app.unlock-protocol.com/event/global-pizza-party-anambra-2025
Belgium,Antwerp,https://app.unlock-protocol.com/event/global-pizza-party-antwerp
Uganda,Arua,https://app.unlock-protocol.com/event/global-pizza-party-arua
Tanzania,Arusha,https://app.unlock-protocol.com/event/global-pizza-party-arusha-1
Nigeria,Asaba,https://app.unlock-protocol.com/event/global-pizza-party-asaba-11
USA NC,Asheville,https://app.unlock-protocol.com/event/global-pizza-party-asheville
Kazakhstan,Astana,https://app.unlock-protocol.com/event/global-pizza-party-astana-4
Greece,Athens,https://app.unlock-protocol.com/event/global-pizza-party-athens-1
USA GA,Atlanta,https://app.unlock-protocol.com/event/global-pizza-party-atlanta-1
USA NJ,Atlantic City,https://app.unlock-protocol.com/event/global-pizza-party-atlantic-city
USA AL,Auburn,https://app.unlock-protocol.com/event/global-pizza-party-auburn
USA TX,Austin,https://app.unlock-protocol.com/event/global-pizza-party-austin
India,Ayodhya,https://app.unlock-protocol.com/event/global-pizza-party-ayodhya-1
Brazil,Salvador Bahia,https://app.unlock-protocol.com/event/global-pizza-party-bahia-crypto-hub
Indonesia,Bali,https://app.unlock-protocol.com/event/global-pizza-party-bali
India,Bangalore,https://app.unlock-protocol.com/event/global-pizza-party-bangalore
Thailand,Bangkok,https://app.unlock-protocol.com/event/global-pizza-party-bangkok-1
Spain,Barcelona,https://app.unlock-protocol.com/event/global-pizza-party-barcelona-1
Belize,Belize City,https://app.unlock-protocol.com/event/global-pizza-party-belize-city-10
Brazil,Belo Horizonte,https://app.unlock-protocol.com/event/global-pizza-party-belo-horizonte-br-1
India,Bhilai,https://app.unlock-protocol.com/event/global-pizza-party-bhilai
India,Bhopal,https://app.unlock-protocol.com/event/global-pizza-party-bhopal
India,Bhubaneswar,https://app.unlock-protocol.com/event/global-pizza-party-bhub
Colombia,Bogota,https://app.unlock-protocol.com/event/global-pizza-party-bogot-1
USA ID,Boise,https://app.unlock-protocol.com/event/global-pizza-party-boise-idaho
France,Bordeaux,https://app.unlock-protocol.com/event/global-pizza-party-bordeaux-5
USA CO,Boulder,https://app.unlock-protocol.com/event/global-pizza-party-boulder
USA MD,Bowie,https://app.unlock-protocol.com/event/global-pizza-party-bowie
USA FL,Palm Beach,https://app.unlock-protocol.com/event/global-pizza-party-boynton-beach
Brazil,Brasilia,https://app.unlock-protocol.com/event/global-pizza-party-brasilia
Slovakia,Bratislava,https://app.unlock-protocol.com/event/global-pizza-party-bratislava
Australia,Brisbane,https://app.unlock-protocol.com/event/global-pizza-party-brisbane-2
Czech Republic,Brno,https://app.unlock-protocol.com/event/global-pizza-party-brno
Belgium,Brussels,https://app.unlock-protocol.com/event/global-pizza-party-brussels-7
Romania,Bucharest,https://app.unlock-protocol.com/event/global-pizza-party-bucharest
Hungary,Budapest,https://app.unlock-protocol.com/event/global-pizza-party-budapest
Argentina,Buenos Aires,https://app.unlock-protocol.com/event/global-pizza-party-buenos-aires
USA,Buffalo,https://app.unlock-protocol.com/event/global-pizza-party-buffalo
Zimbabwe,Bulawayo,https://app.unlock-protocol.com/event/global-pizza-party-bulawayo-2
Nepal,Butwal,https://app.unlock-protocol.com/event/global-pizza-party-butwal
Brazil ,Búzios,https://app.unlock-protocol.com/event/global-pizza-party-buzios-brazil
India,Pune,https://app.unlock-protocol.com/event/global-pizza-party-by-pizza-dao-pune-3
Egypt,Cairo,https://app.unlock-protocol.com/event/global-pizza-party-cairo
Nigeria,Calabar,https://app.unlock-protocol.com/event/global-pizza-party-calabar
Benin,Calavi,https://app.unlock-protocol.com/event/global-pizza-party-calavi
Canada Alberta,Calgary,https://app.unlock-protocol.com/event/global-pizza-party-calgary
Colombia,Cali,https://app.unlock-protocol.com/event/global-pizza-party-cali 
Brazil,Campinas,https://app.unlock-protocol.com/event/global-pizza-party-campinas
France,Cannes,https://app.unlock-protocol.com/event/global-pizza-party-cannes
South Africa,Cape Town,https://app.unlock-protocol.com/event/global-pizza-party-cape-town-1
Venezuela,Caracas,https://app.unlock-protocol.com/event/global-pizza-party-caracas-1
Colombia,Cartagena de Indias,https://app.unlock-protocol.com/event/global-pizza-party-cartagena 
USA IA,Cedar Rapids,https://app.unlock-protocol.com/event/global-pizza-party-cedar-rapids
India,Chandigarh,https://app.unlock-protocol.com/event/global-pizza-party-chandigarh-3
USA NC,Charlotte,https://app.unlock-protocol.com/event/global-pizza-party-charlotte-north-carolina-1
China,Chengdu,https://app.unlock-protocol.com/event/global-pizza-party-chengdu
India,Chennai,https://app.unlock-protocol.com/event/global-pizza-party-chennai
Thailand,Chiang Mai,https://app.unlock-protocol.com/event/global-pizza-party-chiang-mai-city
USA IL,Chicago,https://app.unlock-protocol.com/event/global-pizza-party-chicago
New Zealand,Christchurch,https://app.unlock-protocol.com/event/global-pizza-party-christchurch
USA OH,Cincinnati,https://app.unlock-protocol.com/event/global-pizza-party-cincinnati
Guatemala ,Guatemala City,https://app.unlock-protocol.com/event/global-pizza-party-ciudad-de-guatemala  
USA OH,Cleveland,https://app.unlock-protocol.com/event/global-pizza-party-cleveland
Bolivia ,Cochabamba,https://app.unlock-protocol.com/event/global-pizza-party-cochabamba-2025-3
India,Coimbatore,https://app.unlock-protocol.com/event/global-pizza-party-coimbatore
Sri Lanka,Colombo,https://app.unlock-protocol.com/event/global-pizza-party-colombo
Romania,Craiova,https://app.unlock-protocol.com/event/global-pizza-party-craiova-9
Argentina,Córdoba,https://app.unlock-protocol.com/event/global-pizza-party-crdoba-10
Ecuador ,Cuenca,https://app.unlock-protocol.com/event/global-pizza-party-cuenca-2025-3 
Mexico,Culiacán,https://app.unlock-protocol.com/event/global-pizza-party-culiacn
Brazil,Curitiba,https://app.unlock-protocol.com/event/global-pizza-party-curitiba
Peru ,Cuzco,https://app.unlock-protocol.com/event/global-pizza-party-cusco-5
Vietnam,Da Nang,https://app.unlock-protocol.com/event/global-pizza-party-da-nang-1
China,Dali,https://app.unlock-protocol.com/event/global-pizza-party-dali
USA TX,Dallas,https://app.unlock-protocol.com/event/global-pizza-party-dallas
India,Dehradun,https://app.unlock-protocol.com/event/global-pizza-party-dehradun-1
Nigeria ,Warri,https://app.unlock-protocol.com/event/global-pizza-party-delta
USA CO,Denver,https://app.unlock-protocol.com/event/global-pizza-party-denver-2
USA MI,Detroit,https://app.unlock-protocol.com/event/global-pizza-party-detroit
Kenya,Diani,https://app.unlock-protocol.com/event/global-pizza-party-diani
Qatar,Doha,https://app.unlock-protocol.com/event/global-pizza-party-doha
Germany,Dusseldorf,https://app.unlock-protocol.com/event/global-pizza-party-dsseldorf
UAE,Dubai,https://app.unlock-protocol.com/event/global-pizza-party-dubai-1/
South Africa,Durban,https://app.unlock-protocol.com/event/global-pizza-party-durban-south-africa
USA NC,Durham,https://app.unlock-protocol.com/event/global-pizza-party-durham
Nigeria,Ebonyi,https://app.unlock-protocol.com/event/global-pizza-party-ebonyi
Venezuela,El Hatillo,https://app.unlock-protocol.com/event/global-pizza-party-el-hatillo
Uganda,Entebbe,https://app.unlock-protocol.com/event/global-pizza-party-entebbe-1
Nigeria ,Enugu City,https://app.unlock-protocol.com/event/global-pizza-party-enugu-2025
India,Faridabad,https://app.unlock-protocol.com/event/global-pizza-party-faridabad-2
Afghanistan,Faryab,https://app.unlock-protocol.com/event/global-pizza-party-faryab-1
Brazil,Florianopolis,https://app.unlock-protocol.com/event/global-pizza-party-floripa
USA FL,Fort Lauderdale,https://app.unlock-protocol.com/event/global-pizza-party-fort-lauderdale
Brazil,Fortaleza,https://app.unlock-protocol.com/event/global-pizza-party-fortaleza-br
Botswana,Gaborone,https://app.unlock-protocol.com/event/global-pizza-party-gaborone
Sri Lanka,Galle,https://app.unlock-protocol.com/event/global-pizza-party-galle-17
India,Gandhinagar,https://app.unlock-protocol.com/event/global-pizza-party-gandhinagar-1
India,Gangtok,https://app.unlock-protocol.com/event/global-pizza-party-gangtok-2
Philippines,General Santos,https://app.unlock-protocol.com/event/global-pizza-party-general-santos
India,Ghaziabad,https://app.unlock-protocol.com/event/global-pizza-party-ghaziabad-1
India,Goa,https://app.unlock-protocol.com/event/global-pizza-party-goa
India,Gorakhpur,https://app.unlock-protocol.com/event/global-pizza-party-gorakhpur-1
USA IN,Goshen,https://app.unlock-protocol.com/event/global-pizza-party-goshen
Spain,Las Palmas de Gran Canaria,https://app.unlock-protocol.com/event/global-pizza-party-gran-canaria-4
Sweden,Göteborg,https://app.unlock-protocol.com/event/global-pizza-party-gteborg
Mexico,Guadalajara,https://app.unlock-protocol.com/event/global-pizza-party-guadalajara
Argentina,Gualeguaychú Entre Ríos,https://app.unlock-protocol.com/event/global-pizza-party-gualeguaych-entre-ros
China,Guangzhou,https://app.unlock-protocol.com/event/global-pizza-party-guangzhou-2
Ecuador,Guayaquil,https://app.unlock-protocol.com/event/global-pizza-party-guayaquil-2025 
Puerto Rico ,Guaynabo,https://app.unlock-protocol.com/event/global-pizza-party-guaynabo-city-4 
India,Gurgaon,https://app.unlock-protocol.com/event/global-pizza-party-gurgaon-1
India,Guwahati,https://app.unlock-protocol.com/event/global-pizza-party-guwahati-2
India,Gwalior,https://app.unlock-protocol.com/event/global-pizza-party-gwalior
Armenia,Gyumri,https://app.unlock-protocol.com/event/global-pizza-party-gyumri-8
Germany,Hamburg,https://app.unlock-protocol.com/event/global-pizza-party-hamburg-7
Vietnam,Hanoi,https://app.unlock-protocol.com/event/global-pizza-party-hanoi
Zimbabwe,Harare,https://app.unlock-protocol.com/event/global-pizza-party-harare
India,Hardoi,https://app.unlock-protocol.com/event/global-pizza-party-hardoi
Finland,Helsinki,https://app.unlock-protocol.com/event/global-pizza-party-helsinki-1
China,Hong Kong,https://app.unlock-protocol.com/event/global-pizza-party-hong-kong
USA TX,Houston,https://app.unlock-protocol.com/event/global-pizza-party-houston
Peru,Huancayo,https://app.unlock-protocol.com/event/global-pizza-party-huancayo 
Vietnam,Hue City,https://app.unlock-protocol.com/event/global-pizza-party-hue-4
India,Hyderabad,https://app.unlock-protocol.com/event/global-pizza-party-hyderabad
Nigeria,Ibadan,https://app.unlock-protocol.com/event/global-pizza-party-ibadan-17 
USA ID,Idaho Falls,https://app.unlock-protocol.com/event/global-pizza-party-idaho-falls
Philippines,Ilocos,https://app.unlock-protocol.com/event/global-pizza-party-ilocos-1
India,Imphal,https://app.unlock-protocol.com/event/global-pizza-party-imphal-4
Japan,Gotemba,https://app.unlock-protocol.com/event/global-pizza-party-in-gotemba
Japan,Numazu,https://app.unlock-protocol.com/event/global-pizza-party-in-numazu-pizza-dao-1
Russia,Petrozavodsk,https://app.unlock-protocol.com/event/global-pizza-party-in-petrozavodsk-progress-club-1
USA IN,Indianapolis,https://app.unlock-protocol.com/event/global-pizza-party-indianapolis
India,Indore,https://app.unlock-protocol.com/event/global-pizza-party-indore-1
Pakistan,Islamabad,https://app.unlock-protocol.com/event/global-pizza-party-islamabad-1
Nepal,Itahari,https://app.unlock-protocol.com/event/global-pizza-party-itahari
India,Itanagar,https://app.unlock-protocol.com/event/global-pizza-party-itanagar-1
India,Jabalpur,https://app.unlock-protocol.com/event/global-pizza-party-jabalpur
USA FL,Jacksonville,https://app.unlock-protocol.com/event/global-pizza-party-jacksonville
India,Jaipur,https://app.unlock-protocol.com/event/global-pizza-party-jaipur-1
Indonesia,Jakarta,https://app.unlock-protocol.com/event/global-pizza-party-jakarta
India,Jalandhar,https://app.unlock-protocol.com/event/global-pizza-party-jalandhar-2
India,Jammu,https://app.unlock-protocol.com/event/global-pizza-party-jammu-3
India,Jamshedpur,https://app.unlock-protocol.com/event/global-pizza-party-jamshedpur-4
Nepal,Janakpur,https://app.unlock-protocol.com/event/global-pizza-party-janakpur
India,Jhansi,https://app.unlock-protocol.com/event/global-pizza-party-jhansi-4
Uganda,Jinja,https://app.unlock-protocol.com/event/global-pizza-party-jinja
South Africa,Johannesberg,https://app.unlock-protocol.com/event/global-pizza-party-johannesburg-5
Afghanistan,Kabul,https://app.unlock-protocol.com/event/global-pizza-party-kabul
Nigeria,Kaduna,https://app.unlock-protocol.com/event/global-pizza-party-kaduna
Sri Lanka,Kandy,https://app.unlock-protocol.com/event/global-pizza-party-kandy-1
India,Kanpur,https://app.unlock-protocol.com/event/global-pizza-party-kanpur
USA MO,Kansas City,https://app.unlock-protocol.com/event/global-pizza-party-kansas-city
Pakistan,Karachi,https://app.unlock-protocol.com/event/global-pizza-party-karachi-2025-9
Nepal,Kathmandu,https://app.unlock-protocol.com/event/global-pizza-party-kathmandu
Canada,Kelowna,https://app.unlock-protocol.com/event/global-pizza-party-kelowna
Rwanda,Kigali,https://app.unlock-protocol.com/event/global-pizza-party-kigali-2025-4
Kenya,Kilifi,https://app.unlock-protocol.com/event/global-pizza-party-kilifi
Kenya,Kisumu,https://app.unlock-protocol.com/event/global-pizza-party-kisumu-city-1
Zambia,Kitwe,https://app.unlock-protocol.com/event/global-pizza-party-kitwe-1
India,Kochi,https://app.unlock-protocol.com/event/global-pizza-party-kochi-2
Thailand,Koh Phangan,https://app.unlock-protocol.com/event/global-pizza-party-koh-phangan-1
India,Kohima,https://app.unlock-protocol.com/event/global-pizza-party-kohima-1
India,Kolkata,https://app.unlock-protocol.com/event/global-pizza-party-kolkata-1
India,Kollam,https://app.unlock-protocol.com/event/global-pizza-party-kollam-2
India,Kota,https://app.unlock-protocol.com/event/global-pizza-party-kota-1
India,Kozhikode,https://app.unlock-protocol.com/event/global-pizza-party-kozhikode-1
Nigeria,Kwara,https://app.unlock-protocol.com/event/global-pizza-party-kwara-city-1
Ukraine,Kyiv,https://app.unlock-protocol.com/event/global-pizza-party-kyiv
Bolivia ,La Paz,https://app.unlock-protocol.com/event/global-pizza-party-la-paz
Argentina,La Plata,https://app.unlock-protocol.com/event/global-pizza-party-la-plata-2025
Philippines,Laguna,https://app.unlock-protocol.com/event/global-pizza-party-laguna
Kenya,Lamu,https://app.unlock-protocol.com/event/global-pizza-party-lamu-5
Philippines,Las Pinas,https://app.unlock-protocol.com/event/global-pizza-party-las-pinas
Nicaragua,León,https://app.unlock-protocol.com/event/global-pizza-party-len-1
Peru,Lima,https://app.unlock-protocol.com/event/global-pizza-party-lima
Cyprus,Limassol,https://app.unlock-protocol.com/event/global-pizza-party-limassol
Portugal,Lisbon,https://app.unlock-protocol.com/event/global-pizza-party-lisbon-1
Nigeria,Lokoja City,https://app.unlock-protocol.com/event/global-pizza-party-lokoja-city-25
Togo,Lomé,https://app.unlock-protocol.com/event/global-pizza-party-lome
Togo,Kara,https://app.unlock-protocol.com/event/global-pizza-party-lome-1
United Kingdom,London,https://app.unlock-protocol.com/event/global-pizza-party-london
USA CA,Los Angeles,https://app.unlock-protocol.com/event/global-pizza-party-los-angeles-1
India,Lucknow,https://app.unlock-protocol.com/event/global-pizza-party-lucknow
India,Ludhiana,https://app.unlock-protocol.com/event/global-pizza-party-ludhiana-1
Zambia,Lusaka,https://app.unlock-protocol.com/event/global-pizza-party-lusaka-1
Ukraine,Lviv,https://app.unlock-protocol.com/event/global-pizza-party-lviv
Brazil,Macaé,https://app.unlock-protocol.com/event/global-pizza-party-maca-br-3
India,Madurai,https://app.unlock-protocol.com/event/global-pizza-party-madurai-2
Spain,Málaga,https://app.unlock-protocol.com/event/global-pizza-party-malaga-1
United Kingdom,Manchester,https://app.unlock-protocol.com/event/global-pizza-party-manchester
India,Mangalore,https://app.unlock-protocol.com/event/global-pizza-party-mangalore-1
Philippines,Manila,https://app.unlock-protocol.com/event/global-pizza-party-manila
Venezuela ,Maracaibo,https://app.unlock-protocol.com/event/global-pizza-party-maracaibo
India,Mathura,https://app.unlock-protocol.com/event/global-pizza-party-mathura
Chile,Maullin,https://app.unlock-protocol.com/event/global-pizza-party-maulln
Afghanistan,Mazar-e-Sharif,https://app.unlock-protocol.com/event/global-pizza-party-mazar-e-sharif
Uganda,Mbarara,https://app.unlock-protocol.com/event/global-pizza-party-mbarara-2
Belgium,Mechelen,https://app.unlock-protocol.com/event/global-pizza-party-mechelen-1
Colombia,Medellin,https://app.unlock-protocol.com/event/global-pizza-party-medellin 
Australia,Melbourne,https://app.unlock-protocol.com/event/global-pizza-party-melbourne
USA TN,Memphis,https://app.unlock-protocol.com/event/global-pizza-party-memphis-3
Argentina,Mendoza,https://app.unlock-protocol.com/event/global-pizza-party-mendoza
Mexico,Mexico City,https://app.unlock-protocol.com/event/global-pizza-party-mexico-city-1
USA WI,Milwaukee,https://app.unlock-protocol.com/event/global-pizza-party-milwaukee
Niger,Minna,https://app.unlock-protocol.com/event/global-pizza-party-minna
USA MN,Minneapolis,https://app.unlock-protocol.com/event/global-pizza-party-minneapolis-1
Argentina,Misiones,https://app.unlock-protocol.com/event/global-pizza-party-misiones
USA AL,Mobile,https://app.unlock-protocol.com/event/global-pizza-party-mobile-alabama-1
Kenya,Mombasa,https://app.unlock-protocol.com/event/global-pizza-party-mombasa
Monaco,Monaco,https://app.unlock-protocol.com/event/global-pizza-party-monaco-2
Mexico,Monterrey,https://app.unlock-protocol.com/event/global-pizza-party-monterrey
Uruguay,Montevideo,https://app.unlock-protocol.com/event/global-pizza-party-montevideo-1
USA AL,"Montgomery, AL",https://app.unlock-protocol.com/event/global-pizza-party-montgomery
Russia,Moscow,https://app.unlock-protocol.com/event/global-pizza-party-moscow
USA MD,Mt. Rainier,https://app.unlock-protocol.com/event/global-pizza-party-mt-rainer
India,Mumbai,https://app.unlock-protocol.com/event/global-pizza-party-mumbai-city
Tanzia,Mwanza,https://app.unlock-protocol.com/event/global-pizza-party-mwanza-37
India,Mysore,https://app.unlock-protocol.com/event/global-pizza-party-mysore
India,Nagpur,https://app.unlock-protocol.com/event/global-pizza-party-nagpur-1
Italy,Naples,https://app.unlock-protocol.com/event/global-pizza-party-naples-1
Nigeria,Keffi,https://app.unlock-protocol.com/event/global-pizza-party-nasarawa-1
India,Nashik,https://app.unlock-protocol.com/event/global-pizza-party-nashik-1
USA TN,Nashville,https://app.unlock-protocol.com/event/global-pizza-party-nashville-tennessee-1
Brazil,Natal,https://app.unlock-protocol.com/event/global-pizza-party-natal-br-1
Antigua,Antigua,https://app.unlock-protocol.com/event/global-pizza-party-near-antigua-1
United Kingdom,Neath,https://app.unlock-protocol.com/event/global-pizza-party-neath
Malaysia,Network State,https://app.unlock-protocol.com/event/global-pizza-party-network-school-1
India,Delhi,https://app.unlock-protocol.com/event/global-pizza-party-new-delhi-2
USA CT,New Haven,https://app.unlock-protocol.com/event/global-pizza-party-new-haven-2
USA LA,New Orleans,https://app.unlock-protocol.com/event/global-pizza-party-new-orleans
Nigeria ,Abuja,https://app.unlock-protocol.com/event/global-pizza-party-nigeria-abuja-16
India,Noida,https://app.unlock-protocol.com/event/global-pizza-party-noida
Nigeria ,Nsukka,https://app.unlock-protocol.com/event/global-pizza-party-nsukka
USA CA,Oakland,https://app.unlock-protocol.com/event/global-pizza-party-oakland
Venezuela,Ojeda,https://app.unlock-protocol.com/event/global-pizza-party-ojeda-4
USA OK,Oklahoma City,https://app.unlock-protocol.com/event/global-pizza-party-oklahoma-city
Czech Republic,Olomouc,https://app.unlock-protocol.com/event/global-pizza-party-olomouc
USA NE,Omaha,https://app.unlock-protocol.com/event/global-pizza-party-omaha-1
USA FL ,Orlando,https://app.unlock-protocol.com/event/global-pizza-party-orlando
Norway,Oslo,https://app.unlock-protocol.com/event/global-pizza-party-oslo-2
Nigeria,Osogbo,https://app.unlock-protocol.com/event/global-pizza-party-osogbo
Canada Ontario,Ottawa,https://app.unlock-protocol.com/event/global-pizza-party-ottawa-2025
Burkina Faso,Ouagadougou,https://app.unlock-protocol.com/event/global-pizza-party-ouagadougou-12
Nigeria,Owerri,https://app.unlock-protocol.com/event/global-pizza-party-owerri
Italy,Palermo,https://app.unlock-protocol.com/event/global-pizza-party-palermo
Panama,Panama City,https://app.unlock-protocol.com/event/global-pizza-party-panama-city
Tahití,Papeete,https://app.unlock-protocol.com/event/global-pizza-party-papeete
France,Paris,https://app.unlock-protocol.com/event/global-pizza-party-paris-1
India,Patna,https://app.unlock-protocol.com/event/global-pizza-party-patna-1
USA FL,Pensacola,https://app.unlock-protocol.com/event/global-pizza-party-pensacola-florida-1
USA PA,Philadelphia,https://app.unlock-protocol.com/event/global-pizza-party-philadelphia
Cambodia,Phnom Penh,https://app.unlock-protocol.com/event/global-pizza-party-phnom-penh
USA AZ,Phoenix,https://app.unlock-protocol.com/event/global-pizza-party-phoenix-4
Thailand,Phuket,https://app.unlock-protocol.com/event/global-pizza-party-phuket
Peru ,Piura,https://app.unlock-protocol.com/event/global-pizza-party-piura
USA ME,Portland ME,https://app.unlock-protocol.com/event/global-pizza-party-portland-maine
Brazil,Porto Alegre,https://app.unlock-protocol.com/event/global-pizza-party-porto-alegre
Ecuador ,Portoviejo,https://app.unlock-protocol.com/event/global-pizza-party-portoviejo
India,Prayagraj,https://app.unlock-protocol.com/event/global-pizza-party-prayagraj
Macedonia,Prilep,https://app.unlock-protocol.com/event/global-pizza-party-prilep
USA RI,Providence,https://app.unlock-protocol.com/event/global-pizza-party-providence-1
Philippines,Quezon,https://app.unlock-protocol.com/event/global-pizza-party-quezon
Ecuador,Quito,https://app.unlock-protocol.com/event/global-pizza-party-quito-2025 
India,Raipur,https://app.unlock-protocol.com/event/global-pizza-party-raipur-1
India,Rajkot,https://app.unlock-protocol.com/event/global-pizza-party-rajkot
India,Ranchi,https://app.unlock-protocol.com/event/global-pizza-party-ranchi-1
United Kingdom,Reading,https://app.unlock-protocol.com/event/global-pizza-party-reading
Brazil,Rio Claro,https://app.unlock-protocol.com/event/global-pizza-party-rio-claro-1
Brazil,Rio de Janeiro,https://app.unlock-protocol.com/event/global-pizza-party-rio-crypto-hub
Uruguay,Rivera,https://app.unlock-protocol.com/event/global-pizza-party-rivera
India,Roorkee,https://app.unlock-protocol.com/event/global-pizza-party-roorkee-1
Argentina,Rosario ,https://app.unlock-protocol.com/event/global-pizza-party-rosario-1
India,Rourkela,https://app.unlock-protocol.com/event/global-pizza-party-rourkela
Guatemala,Salamá,https://app.unlock-protocol.com/event/global-pizza-party-salam 
Philippines ,San Carlos,https://app.unlock-protocol.com/event/global-pizza-party-san-carlos-city
USA CA,San Francisco,https://app.unlock-protocol.com/event/global-pizza-party-san-francisco-1
Puerto Rico,San Juan,https://app.unlock-protocol.com/event/global-pizza-party-san-juan
Honduras,San Pedro de Sula,https://app.unlock-protocol.com/event/global-pizza-party-san-pedro-sula 
El Salvador ,San Salvador,https://app.unlock-protocol.com/event/global-pizza-party-san-salvador-4/
Chile,Santiago,https://app.unlock-protocol.com/event/global-pizza-party-santiago-5
Canada Saskatchewan,Saskatoon,https://app.unlock-protocol.com/event/global-pizza-party-saskatoon-1
USA WA,Seattle,https://app.unlock-protocol.com/event/global-pizza-party-seattle
Korea,Seoul,https://app.unlock-protocol.com/event/global-pizza-party-seoul-2
India,Shahjahanpur,https://app.unlock-protocol.com/event/global-pizza-party-shahjahanpur
China,Shanghai,https://app.unlock-protocol.com/event/global-pizza-party-shanghai-1
UAE,Sharjah,https://app.unlock-protocol.com/event/global-pizza-party-sharjah-3
Afghanistan,Sheberghan,https://app.unlock-protocol.com/event/global-pizza-party-sheberghan
India,Shillong,https://app.unlock-protocol.com/event/global-pizza-party-shillong
India,Shimla,https://app.unlock-protocol.com/event/global-pizza-party-shimla-1
Singapore,Singapore,https://app.unlock-protocol.com/event/global-pizza-party-singapore-1
Brazil,Sao Paulo,https://app.unlock-protocol.com/event/global-pizza-party-so-paulo
Bulgaria,Sofia,https://app.unlock-protocol.com/event/global-pizza-party-sofia-2
Nepal,Solukhumbu,https://app.unlock-protocol.com/event/global-pizza-party-solukumbhu-1
Croatia,Split,https://app.unlock-protocol.com/event/global-pizza-party-split-1
Russia,Saint Petersburg,https://app.unlock-protocol.com/event/global-pizza-party-st-petersburg
Sweden,Stockholm,https://app.unlock-protocol.com/event/global-pizza-party-stockholm-1
India,Surat,https://app.unlock-protocol.com/event/global-pizza-party-surat-1
Taiwan,Taipei,https://app.unlock-protocol.com/event/global-pizza-party-taipei
Costa Rica ,Tamarindo,https://app.unlock-protocol.com/event/global-pizza-party-tamarindo 
Kenya,Tatu,https://app.unlock-protocol.com/event/global-pizza-party-tatu-city
Honduras,Tegucigalpa,https://app.unlock-protocol.com/event/global-pizza-party-tgu
India,Thiruvananthapuram,https://app.unlock-protocol.com/event/global-pizza-party-thiruvananthapuram
India,Thrissur,https://app.unlock-protocol.com/event/global-pizza-party-thrissur-1
Albania,Tirana,https://app.unlock-protocol.com/event/global-pizza-party-tirana-4
Japan,Tokyo,https://app.unlock-protocol.com/event/global-pizza-party-tokyo
Philippines,Tomas Morato,https://app.unlock-protocol.com/event/global-pizza-party-tomas-morato
Peru ,Trujillo,https://app.unlock-protocol.com/event/global-pizza-party-trujillo-6
USA AZ,Tucson,https://app.unlock-protocol.com/event/global-pizza-party-tucson-1
USA NM,Tucumcari,https://app.unlock-protocol.com/event/global-pizza-party-tucumcari
Mexico,Tulum,https://app.unlock-protocol.com/event/global-pizza-party-tulum-1 
Tunisia,Tunis,https://app.unlock-protocol.com/event/global-pizza-party-tunis
India,Udaipur,https://app.unlock-protocol.com/event/global-pizza-party-udaipur-1
India,Vadodara,https://app.unlock-protocol.com/event/global-pizza-party-vadodra
Venezuela,Valencia ,https://app.unlock-protocol.com/event/global-pizza-party-valencia-6
Venezuela,Isla Margarita ,https://app.unlock-protocol.com/event/global-pizza-party-valencia-isla-margarita-venezuela
Spain,Valencia,https://app.unlock-protocol.com/event/global-pizza-party-valencia-spain-city-11
Armenia,Vanadzor,https://app.unlock-protocol.com/event/global-pizza-party-vanadzor-101
Canada British Columbia,Vancouver,https://app.unlock-protocol.com/event/global-pizza-party-vancouver-1
India,Varanasi,https://app.unlock-protocol.com/event/global-pizza-party-varanasi-1
Mexico,Veracruz,https://app.unlock-protocol.com/event/global-pizza-party-veracruz
Austria,Vienna,https://app.unlock-protocol.com/event/global-pizza-party-vienna
India,Vijayawada,https://app.unlock-protocol.com/event/global-pizza-party-vijaywada-3
Ukraine,Vinnytsia,https://app.unlock-protocol.com/event/global-pizza-party-vinnytsia
India,Visakhapatnam,https://app.unlock-protocol.com/event/global-pizza-party-vizag
Ghana,Wa,https://app.unlock-protocol.com/event/global-pizza-party-wa-1
Poland,Warsaw,https://app.unlock-protocol.com/event/global-pizza-party-warsaw-2
USA DC,Washington DC,https://app.unlock-protocol.com/event/global-pizza-party-washington-d-c
Canada Ontario,Waterloo,https://app.unlock-protocol.com/event/global-pizza-party-waterloo
India,Wayanad,https://app.unlock-protocol.com/event/global-pizza-party-wayanad
Namibia,Windhoek,https://app.unlock-protocol.com/event/global-pizza-party-windhoek
USA MA,Boston,https://app.unlock-protocol.com/event/global-pizza-party-with-boston-dao-pizza-dao-12
Myanmar,Yangon,https://app.unlock-protocol.com/event/global-pizza-party-yangon-2
Armenia,Yerevan,https://app.unlock-protocol.com/event/global-pizza-party-yerevan-3
Croatia,Zagreb,https://app.unlock-protocol.com/event/global-pizza-party-zagreb-2025-1
Switzerland,Zug,https://app.unlock-protocol.com/event/global-pizza-party-zug-1
Israel,Haifa,https://app.unlock-protocol.com/event/haifa-pizza-party
USA HI,Honolulu,https://app.unlock-protocol.com/event/honolulu-btc-pizza-day
Nigeria ,Ijoko,https://app.unlock-protocol.com/event/ijoko-global-pizza-party
Turkey,Istanbul,https://app.unlock-protocol.com/event/istanbul-global-pizza-party-2025
USA KY,Red River Gorge,https://app.unlock-protocol.com/event/miguels-x-pizza-dao-global-pizza-party
Vietnam,Ho Chi Minh City,https://app.unlock-protocol.com/event/offchain-saigon-pizza-dao-global-pizza-party-bitcoin-pizza-day-1
Italy,Catania,https://app.unlock-protocol.com/event/pineapple-and-jalapenos-is-a-good-pizza-topping
Uganda,Kampala,https://app.unlock-protocol.com/event/pizza-dao-5th-global-pizza-party-2025-3
Morocco,Casablanca,https://app.unlock-protocol.com/event/pizza-dao-global-pizza-day-2025-casablanca
Morocco,Tangier,https://app.unlock-protocol.com/event/pizza-dao-global-pizza-day-2025-tangier
Spain,Madrid,https://app.unlock-protocol.com/event/pizza-dao-madrid-bitcoin-party-2025
India,Siwan,https://app.unlock-protocol.com/event/pizza-dao-siwan-1
China,Shenzhen,https://app.unlock-protocol.com/event/pizza-dao-x-offchain-shenzhen-mixer-6
Germany,Frankfurt,https://app.unlock-protocol.com/event/pizza-day-frankfurt-2025-1
Italy,Rome,https://app.unlock-protocol.com/event/pizza-day-rome-3
Malaysia,Kuala Lumpur,https://app.unlock-protocol.com/event/pizza-fi-abcd-apac-blockchain-day
Pakistan,Lahore,https://app.unlock-protocol.com/event/pizza-party-lahore
Germany,Munich,https://app.unlock-protocol.com/event/pizza-party-munich-2025-1
Mexico,Puebla,https://app.unlock-protocol.com/event/pizza-party-puebla-1 
USA UT,Salt Lake City,https://app.unlock-protocol.com/event/pizza-slc
USA OR,Portland Oregon,https://app.unlock-protocol.com/event/portlands-global-bitcoin-pizza-party-1
Ireland,Dublin,https://app.unlock-protocol.com/event/proof-of-craic-pizza-party-10
USA CA,San Diego,https://app.unlock-protocol.com/event/san-diego-x-pizza-dao-global-pizza-party-1
USA CA,Santa Barbara,https://app.unlock-protocol.com/event/santa-barbara-pizza-party-1
USA CA,Palo Alto,https://app.unlock-protocol.com/event/slices-chains-bitcoin-pizza-day-special-1
USA NV,Las Vegas,https://app.unlock-protocol.com/event/vegas-global-bitcoin-pizza-day-may-22nd-at-velocity-esports
Israel,Tel Aviv,https://app.unlock-protocol.com/event/yalla-bitcoin-pizza-party?a=1
USA SC,Charleston,https://beeple-studios.xyz/event/bitcoinpizzaday/
